{"0.0": 0.0, "1.0": 68319.0313215191, "2.0": 222654.9012585086, "3.0": 396942.8108769053, "4.0": 569911.0013037012, "5.0": 697119.8636463732, "6.0": 771085.3935051467, "7.0": 800139.6147853192, "8.0": 793772.7147236669, "9.0": 769575.0604785207, "10.0": 733530.0349208504, "11.0": 685414.9093433649, "12.0": 630449.3062065435, "13.0": 578604.7566456873, "14.0": 537043.2924702762, "15.0": 504557.2243286901, "16.0": 477362.5743722359, "17.0": 454829.5812549443}