{"a0AllJobsTotal": {"0.0": 0.0, "1.0": 4216.8176494287, "2.0": 30593.9126757962, "3.0": 89654.5513130089, "4.0": 185067.0491950518, "5.0": 313171.1319072967, "6.0": 463688.7727920292, "7.0": 625843.8572737281, "8.0": 789841.6719837512, "9.0": 948989.6262753236, "10.0": 1099442.6921941857, "11.0": 1238460.5510322577, "12.0": 1364122.6751453206, "13.0": 1476298.517880125, "14.0": 1576699.035144109, "15.0": 1667881.2980405677, "16.0": 1751972.6961100744, "17.0": 1830555.2710031928}, "STxa0RefRecognized": {"0.0": 0.0, "1.0": 8433.6352988574, "2.0": 61187.8253515924, "3.0": 179309.1026260178, "4.0": 370134.0983901037, "5.0": 626342.2638145934, "6.0": 927377.5455840584, "7.0": 1251687.7145474562, "8.0": 1579683.3439675025, "9.0": 1897979.2525506476, "10.0": 2198885.384388372, "11.0": 2476921.1020645155, "12.0": 2728245.3502906417, "13.0": 2952597.03576025, "14.0": 3153398.0702882186, "15.0": 3335762.596081135, "16.0": 3503945.392220149, "17.0": 3661110.542006386}, "STxa0InDetention": {"0.0": 0.0, "1.0": 24635.7573031792, "2.0": 150856.657959347, "3.0": 376349.2804936867, "4.0": 667558.1722262901, "5.0": 970412.1618401132, "6.0": 1227504.5162068047, "7.0": 1408977.183995393, "8.0": 1505259.730544398, "9.0": 1527461.6713288568, "10.0": 1494617.2533639877, "11.0": 1421218.0776841126, "12.0": 1318669.3138168508, "13.0": 1201657.9040087953, "14.0": 1086414.9542683065, "15.0": 984666.9880828423, "16.0": 899896.9587498708, "17.0": 831248.0129624795}, "STxa0IllegalPool": {"0.0": 0.0, "1.0": 66821.7477018422, "2.0": 212360.8291544775, "3.0": 368387.5828690415, "4.0": 514145.3588837403, "5.0": 608115.5231930764, "6.0": 647397.9716786372, "7.0": 644221.9615339015, "8.0": 610926.7897112615, "9.0": 566374.9255351041, "10.0": 516638.7357440013, "11.0": 461202.5968505515, "12.0": 404766.0515397135, "13.0": 356266.8054867273, "14.0": 321402.1495730925, "15.0": 297490.2387955405, "16.0": 279690.4787243943, "17.0": 266690.9798198919}, "STxa0NotRecognized": {"0.0": 0.0, "1.0": 1497.2836196769, "2.0": 10294.0721040311, "3.0": 28555.2280078637, "4.0": 55765.6424199609, "5.0": 89004.3404532968, "6.0": 123687.4218265095, "7.0": 155917.6532514177, "8.0": 182845.9250124053, "9.0": 203200.1349434166, "10.0": 216891.299176849, "11.0": 224212.3124928134, "12.0": 225683.2546668301, "13.0": 222337.95115896, "14.0": 215641.1428971837, "15.0": 207066.9855331497, "16.0": 197672.0956478415, "17.0": 188138.6014350523}, "STxa0AsylumRecep": {"0.0": 0.0, "1.0": 90050.5737229257, "2.0": 287934.478707589, "3.0": 526310.8424636977, "4.0": 769279.4922886554, "5.0": 955391.6865531605, "6.0": 1066885.543953648, "7.0": 1108138.0635648898, "8.0": 1092443.1478359, "9.0": 1043945.859377061, "10.0": 974973.7812882642, "11.0": 889694.2095121606, "12.0": 797017.3887125769, "13.0": 710445.7670293308, "14.0": 640373.3181377187, "15.0": 586679.3752460503, "16.0": 544884.9838828812, "17.0": 513219.9011032387}, "a0AllInCountry": {"0.0": 0.0, "1.0": 509570.726167403, "2.0": 1092656.6153149921, "3.0": 1772554.63302345, "4.0": 2472562.0170548856, "5.0": 3083734.558632807, "6.0": 3638634.610003712, "7.0": 4117966.352525886, "8.0": 4555768.09780005, "9.0": 4961000.100065343, "10.0": 5313949.159265542, "11.0": 5608508.08602765, "12.0": 5871612.465338297, "13.0": 6123857.654966789, "14.0": 6375706.890769528, "15.0": 6616268.580997692, "16.0": 6843463.067502944, "17.0": 7068710.0620181095}, "STxa0HumanRecognized": {"0.0": 0.0, "1.0": 1405.6058831429, "2.0": 10197.9708919321, "3.0": 29884.8504376697, "4.0": 61689.0163983507, "5.0": 104390.3773024323, "6.0": 154562.9242640098, "7.0": 208614.6190912428, "8.0": 263280.5573279171, "9.0": 316329.8754251079, "10.0": 366480.8973980619, "11.0": 412820.1836774191, "12.0": 454707.5583817734, "13.0": 492099.5059600416, "14.0": 525566.3450480364, "15.0": 555960.4326801891, "16.0": 583990.8987033583, "17.0": 610185.0903343977}, "a0IllegalInCountry": {"0.0": 0.0, "1.0": 68319.0313215191, "2.0": 222654.9012585086, "3.0": 396942.8108769053, "4.0": 569911.0013037012, "5.0": 697119.8636463732, "6.0": 771085.3935051467, "7.0": 800139.6147853192, "8.0": 793772.7147236669, "9.0": 769575.0604785207, "10.0": 733530.0349208504, "11.0": 685414.9093433649, "12.0": 630449.3062065435, "13.0": 578604.7566456873, "14.0": 537043.2924702762, "15.0": 504557.2243286901, "16.0": 477362.5743722359, "17.0": 454829.5812549443}, "STxa0SubsidRecognized": {"0.0": 0.0, "1.0": 4216.8176494287, "2.0": 30593.9126757962, "3.0": 89654.5513130089, "4.0": 185067.0491950518, "5.0": 313171.1319072967, "6.0": 463688.7727920292, "7.0": 625843.8572737281, "8.0": 789841.6719837512, "9.0": 948989.6262753238, "10.0": 1099442.692194186, "11.0": 1238460.5510322577, "12.0": 1364122.6751453208, "13.0": 1476298.517880125, "14.0": 1576699.0351441093, "15.0": 1667881.2980405674, "16.0": 1751972.6961100744, "17.0": 1830555.271003193}}