{"0.0": 0.0, "1.0": 90050.5737229257, "2.0": 287934.478707589, "3.0": 526310.8424636977, "4.0": 769279.4922886554, "5.0": 955391.6865531605, "6.0": 1066885.543953648, "7.0": 1108138.0635648898, "8.0": 1092443.1478359, "9.0": 1043945.859377061, "10.0": 974973.7812882642, "11.0": 889694.2095121606, "12.0": 797017.3887125769, "13.0": 710445.7670293308, "14.0": 640373.3181377187, "15.0": 586679.3752460503, "16.0": 544884.9838828812, "17.0": 513219.9011032387}