{"0.0": 0.0, "1.0": 66821.7477018422, "2.0": 212360.8291544775, "3.0": 368387.5828690415, "4.0": 514145.3588837403, "5.0": 608115.5231930764, "6.0": 647397.9716786372, "7.0": 644221.9615339015, "8.0": 610926.7897112615, "9.0": 566374.9255351041, "10.0": 516638.7357440013, "11.0": 461202.5968505515, "12.0": 404766.0515397135, "13.0": 356266.8054867273, "14.0": 321402.1495730925, "15.0": 297490.2387955405, "16.0": 279690.4787243943, "17.0": 266690.9798198919}