{"0.0": 0.0, "1.0": 1497.2836196769, "2.0": 10294.0721040311, "3.0": 28555.2280078637, "4.0": 55765.6424199609, "5.0": 89004.3404532968, "6.0": 123687.4218265095, "7.0": 155917.6532514177, "8.0": 182845.9250124053, "9.0": 203200.1349434166, "10.0": 216891.299176849, "11.0": 224212.3124928134, "12.0": 225683.2546668301, "13.0": 222337.95115896, "14.0": 215641.1428971837, "15.0": 207066.9855331497, "16.0": 197672.0956478415, "17.0": 188138.6014350523}