{"0.0": 0.0, "1.0": 4216.8176494287, "2.0": 30593.9126757962, "3.0": 89654.5513130089, "4.0": 185067.0491950518, "5.0": 313171.1319072967, "6.0": 463688.7727920292, "7.0": 625843.8572737281, "8.0": 789841.6719837512, "9.0": 948989.6262753238, "10.0": 1099442.692194186, "11.0": 1238460.5510322577, "12.0": 1364122.6751453208, "13.0": 1476298.517880125, "14.0": 1576699.0351441093, "15.0": 1667881.2980405674, "16.0": 1751972.6961100744, "17.0": 1830555.271003193}