{"0.0": 0.0, "1.0": 509570.726167403, "2.0": 1092656.6153149921, "3.0": 1772554.63302345, "4.0": 2472562.0170548856, "5.0": 3083734.558632807, "6.0": 3638634.610003712, "7.0": 4117966.352525886, "8.0": 4555768.09780005, "9.0": 4961000.100065343, "10.0": 5313949.159265542, "11.0": 5608508.08602765, "12.0": 5871612.465338297, "13.0": 6123857.654966789, "14.0": 6375706.890769528, "15.0": 6616268.580997692, "16.0": 6843463.067502944, "17.0": 7068710.0620181095}