{"0.0": 0.0, "1.0": 24635.7573031792, "2.0": 150856.657959347, "3.0": 376349.2804936867, "4.0": 667558.1722262901, "5.0": 970412.1618401132, "6.0": 1227504.5162068047, "7.0": 1408977.183995393, "8.0": 1505259.730544398, "9.0": 1527461.6713288568, "10.0": 1494617.2533639877, "11.0": 1421218.0776841126, "12.0": 1318669.3138168508, "13.0": 1201657.9040087953, "14.0": 1086414.9542683065, "15.0": 984666.9880828423, "16.0": 899896.9587498708, "17.0": 831248.0129624795}