{"0.0": 0.0, "1.0": 1405.6058831429, "2.0": 10197.9708919321, "3.0": 29884.8504376697, "4.0": 61689.0163983507, "5.0": 104390.3773024323, "6.0": 154562.9242640098, "7.0": 208614.6190912428, "8.0": 263280.5573279171, "9.0": 316329.8754251079, "10.0": 366480.8973980619, "11.0": 412820.1836774191, "12.0": 454707.5583817734, "13.0": 492099.5059600416, "14.0": 525566.3450480364, "15.0": 555960.4326801891, "16.0": 583990.8987033583, "17.0": 610185.0903343977}