{"0.0": 0.0, "1.0": 8433.6352988574, "2.0": 61187.8253515924, "3.0": 179309.1026260178, "4.0": 370134.0983901037, "5.0": 626342.2638145934, "6.0": 927377.5455840584, "7.0": 1251687.7145474562, "8.0": 1579683.3439675025, "9.0": 1897979.2525506476, "10.0": 2198885.384388372, "11.0": 2476921.1020645155, "12.0": 2728245.3502906417, "13.0": 2952597.03576025, "14.0": 3153398.0702882186, "15.0": 3335762.596081135, "16.0": 3503945.392220149, "17.0": 3661110.542006386}